{
  "metadata": {
    "name": "uukanshu",
    "author": "vBook",
    "version": 8,
    "source": "https://www.uukanshu.net",
    "regexp": "(www.)?((uukanshu.(com|net)/b/[^/]+/?)|(sj.uukanshu.(com|net)/book.aspx.id=\\d+))",
    "description": "Đọc truyện trên trang uukanshu.net",
    "locale": "zh_CN",
    "language": "javascript",
    "type": "chinese_novel"
  },
  "script": {
    "home": "home.js",
    "detail": "detail.js",
    "toc": "toc.js",
    "chap": "chap.js"
  }
}